title,company,location,skills,date_posted,source
Software Engineer I,Twitch,"San Francisco, CA",['AWS'],2 weeks ago,LinkedIn
"Software Engineer, Front End",Meta,"San Francisco, CA","['JavaScript', 'HTML', 'CSS', 'Machine Learning']",1 day ago,LinkedIn
Software Engineer 4- Consumer Web,Netflix,"Los Gatos, CA","['JavaScript', 'CSS']",1 week ago,LinkedIn
Software Engineer Frontend (Multiple Levels) - Slack,Slack,"San Francisco, CA","['JavaScript', 'HTML', 'CSS', 'React']",3 days ago,LinkedIn
"Software Engineer, Marketplace",Lyft,"San Francisco County, CA",[],N/A,LinkedIn
eCommerce Software Engineer - JavaScript (front-end),Converse,"Atlanta, GA",['JavaScript'],1 week ago,LinkedIn
"Software Engineer, Marketplace",Lyft,"Seattle, WA",[],N/A,LinkedIn
"Software Engineer (L5) - Member, Commerce & Games Engineering",Netflix,United States,[],1 day ago,LinkedIn
"Software Engineer, Public API",Notion,"New York, NY","['React', 'Node.js', 'Docker']",1 week ago,LinkedIn
"Software Engineer, Autonomy - New grad",Nuro,"Mountain View, CA","['Python', 'Machine Learning']",1 week ago,LinkedIn
"Software Engineer, Public API",Notion,"San Francisco, CA","['React', 'Node.js', 'Docker']",1 week ago,LinkedIn
"Software Engineer, Mail",Notion,"New York, NY",[],4 days ago,LinkedIn
Software Engineer (Frontend) - Early in Career,Splunk,"Colorado, United States","['JavaScript', 'React', 'Git', 'Agile', 'Machine Learning']",2 weeks ago,LinkedIn
Software Engineer (Backend),Paces,"Brooklyn, NY","['Python', 'AWS']",3 weeks ago,LinkedIn
Software Engineer I,Disney Entertainment,"New York, NY","['JavaScript', 'React', 'AWS']",N/A,LinkedIn
Software Engineer 6 - Discovery Innovation,Netflix,United States,[],2 weeks ago,LinkedIn
Full-Stack Software Engineer (New grad: United States),Wanderlog,United States,"['Python', 'JavaScript', 'React', 'Node.js']",5 days ago,LinkedIn
Full Stack Software Engineer (L5) - Partner Device Lifecycle Apps Team,Netflix,"Los Gatos, CA","['Java', 'JavaScript', 'React']",2 weeks ago,LinkedIn
"Software Engineer, Mail",Notion,"San Francisco, CA",[],4 days ago,LinkedIn
Software Engineer (Frontend) - Early in Career,Splunk,"North Carolina, United States","['JavaScript', 'React', 'Git', 'Agile', 'Machine Learning']",2 weeks ago,LinkedIn
Software/AI Engineer (New Grad),FurtherAI,"San Francisco, CA",['Python'],1 week ago,LinkedIn
Software Engineer I,Disney Entertainment,"San Francisco, CA","['JavaScript', 'HTML', 'React']",N/A,LinkedIn
Software Engineer (Backend),Paces,"New York, NY","['Python', 'AWS']",3 weeks ago,LinkedIn
"Software Engineer, Growth",Discord,"San Francisco, CA","['Python', 'React']",1 week ago,LinkedIn
Junior Software Engineer,BlueCargo,"Los Angeles, CA","['Python', 'AWS']",4 weeks ago,LinkedIn
Software Engineer - Frontend,Sony Interactive Entertainment,"Madison, WI","['Python', 'JavaScript', 'React', 'Agile', 'Scrum']",3 weeks ago,LinkedIn
Full Stack Software Engineer,Walmart,"Sunnyvale, CA","['Java', 'JavaScript', 'CSS', 'React', 'Docker', 'Kubernetes', 'Git', 'Agile', 'Scrum']",2 days ago,LinkedIn
Software Development Engineer,Adobe,"New York, United States",['SQL'],1 week ago,LinkedIn
"Full Stack Software Engineer (L5), Content Security Engineering",Netflix,"Los Gatos, CA","['Java', 'JavaScript', 'CSS', 'React', 'Agile']",1 week ago,LinkedIn
Software Development Engineer,Adobe,"New York, NY",['SQL'],1 week ago,LinkedIn
Software Engineer (Early Career),Talent Vine,San Francisco Bay Area,"['Python', 'Machine Learning']",1 week ago,LinkedIn
"Software Engineer, Backend",Hayden AI,"San Francisco, CA","['Python', 'SQL', 'AWS', 'Agile']",2 weeks ago,LinkedIn
"Software Engineer (L5), Content Engineering",Netflix,United States,['Java'],N/A,LinkedIn
"Software Engineer, Early Career 2025 Start","X, The Moonshot Factory","Mountain View, CA","['Python', 'Java', 'JavaScript', 'Machine Learning']",N/A,LinkedIn
Software Engineer Intern/Co-op (Fall 2025),Cohere,"San Francisco, CA",['Machine Learning'],2 days ago,LinkedIn
Software Development Engineer,Adobe,"San Jose, CA","['Java', 'JavaScript', 'HTML', 'React', 'AWS', 'Docker', 'Kubernetes']",2 weeks ago,LinkedIn
Software Engineer I (Full Stack),Walgreens,"Deerfield, IL","['Python', 'Java', 'JavaScript', 'SQL', 'HTML', 'React', 'Angular', 'AWS', 'Azure', 'Agile']",3 weeks ago,LinkedIn
Software Development Engineer,Adobe,"California, United States",['SQL'],1 week ago,LinkedIn
Software Engineer - Web Full-Stack,Firsthand,"New York, NY","['Python', 'JavaScript', 'CSS', 'React']",2 weeks ago,LinkedIn
Junior Full Stack Software Engineer (JAVA),Interclypse,"Annapolis Junction, MD","['Java', 'JavaScript', 'SQL', 'AWS', 'Kubernetes', 'Agile']",3 weeks ago,LinkedIn
Frontend Software Engineer,Zoom,"San Jose, CA","['Python', 'Java', 'JavaScript', 'HTML', 'React']",2 weeks ago,LinkedIn
"Software Engineer, Distributed Systems",Google,"Sunnyvale, CA","['Java', 'SQL', 'Angular', 'Machine Learning']",2 weeks ago,LinkedIn
Software Engineer - Web Applications,Lockheed Martin,"King of Prussia, PA","['JavaScript', 'SQL', 'HTML', 'CSS', 'Node.js', 'Linux']",2 weeks ago,LinkedIn
Software Development Engineer,Adobe,"San Jose, CA","['Java', 'JavaScript', 'AWS', 'Docker', 'Git', 'Agile', 'Scrum']",1 day ago,LinkedIn
Software Development Engineer,Adobe,"San Francisco, CA","['JavaScript', 'HTML', 'CSS', 'React', 'Agile', 'Scrum']",2 weeks ago,LinkedIn
Software Engineer - Web Full-Stack,Firsthand,United States,"['Python', 'JavaScript', 'CSS', 'React']",4 weeks ago,LinkedIn
Software Engineer - Core,Descript,"San Francisco, CA",['React'],1 week ago,LinkedIn
Software Engineer,Microsoft,United States,"['Python', 'Java', 'JavaScript', 'Azure', 'Cloud Computing']",1 week ago,LinkedIn
Junior Full Stack Software Engineer (Part-Time/Internship),Interclypse,"Annapolis Junction, MD","['Java', 'JavaScript', 'SQL', 'AWS', 'Kubernetes', 'Agile']",1 week ago,LinkedIn
Software Development Engineer,Audible,"Cambridge, MA","['Java', 'Agile']",2 weeks ago,LinkedIn
